{
  "project_info": {
    "project_number": "1098092318623",
    "project_id": "musicity-cebae",
    "storage_bucket": "musicity-cebae.appspot.com"
  },
  "client": [
    {
      "client_info": {
        "mobilesdk_app_id": "1:1098092318623:android:9cfd617e31307086d6b7aa",
        "android_client_info": {
          "package_name": "uk.ac.tees.mad.musicity"
        }
      },
      "oauth_client": [],
      "api_key": [
        {
          "current_key": "AIzaSyDWf4yh05BVC0tIZzox7O6Yu4Umc2WQZZ8"
        }
      ],
      "services": {
        "appinvite_service": {
          "other_platform_oauth_client": []
        }
      }
    }
  ],
  "configuration_version": "1"
}